<?xml version="1.0" encoding="UTF-8"?>
<project-private xmlns="http://www.netbeans.org/ns/project-private/1">
    <editor-bookmarks xmlns="http://www.netbeans.org/ns/editor-bookmarks/2" lastBookmarkId="0"/>
    <open-files xmlns="http://www.netbeans.org/ns/projectui-open-files/2">
        <group>
            <file>file:/C:/Users/mohan/Documents/NetBeansProjects/phc_appli/src/phc_appli/staff_register.java</file>
            <file>file:/C:/Users/mohan/Documents/NetBeansProjects/phc_appli/src/phc_appli/middle_register.java</file>
            <file>file:/C:/Users/mohan/Documents/NetBeansProjects/phc_appli/src/phc_appli/child_register.java</file>
            <file>file:/C:/Users/mohan/Documents/NetBeansProjects/phc_appli/src/phc_appli/public_child.java</file>
            <file>file:/C:/Users/mohan/Documents/NetBeansProjects/phc_appli/src/phc_appli/jTable1.java</file>
            <file>file:/C:/Users/mohan/Documents/NetBeansProjects/phc_appli/src/phc_appli/stafftable.java</file>
            <file>file:/C:/Users/mohan/Documents/NetBeansProjects/phc_appli/src/phc_appli/login_page.java</file>
            <file>file:/C:/Users/mohan/Documents/NetBeansProjects/phc_appli/src/phc_appli/connection.java</file>
            <file>file:/C:/Users/mohan/Documents/NetBeansProjects/phc_appli/src/phc_appli/usermode.java</file>
            <file>file:/C:/Users/mohan/Documents/NetBeansProjects/phc_appli/src/phc_appli/user.java</file>
            <file>file:/C:/Users/mohan/Documents/NetBeansProjects/phc_appli/src/phc_appli/Phc_appli.java</file>
            <file>file:/C:/Users/mohan/Documents/NetBeansProjects/phc_appli/src/phc_appli/old_register.java</file>
            <file>file:/C:/Users/mohan/Documents/NetBeansProjects/phc_appli/src/phc_appli/public_old.java</file>
            <file>file:/C:/Users/mohan/Documents/NetBeansProjects/phc_appli/src/phc_appli/doctor_login.java</file>
            <file>file:/C:/Users/mohan/Documents/NetBeansProjects/phc_appli/src/phc_appli/PreparedStatement.java</file>
            <file>file:/C:/Users/mohan/Documents/NetBeansProjects/phc_appli/src/phc_appli/doctor_register.java</file>
            <file>file:/C:/Users/mohan/Documents/NetBeansProjects/phc_appli/src/phc_appli/selection.java</file>
            <file>file:/C:/Users/mohan/Documents/NetBeansProjects/phc_appli/src/phc_appli/staff_table.java</file>
            <file>file:/C:/Users/mohan/Documents/NetBeansProjects/phc_appli/src/phc_appli/public_register.java</file>
            <file>file:/C:/Users/mohan/Documents/NetBeansProjects/phc_appli/src/phc_appli/MyConnection.java</file>
            <file>file:/C:/Users/mohan/Documents/NetBeansProjects/phc_appli/src/phc_appli/DriverManager.java</file>
            <file>file:/C:/Users/mohan/Documents/NetBeansProjects/phc_appli/src/phc_appli/register_page.java</file>
            <file>file:/C:/Users/mohan/Documents/NetBeansProjects/phc_appli/src/phc_appli/public_middle.java</file>
            <file>file:/C:/Users/mohan/Documents/NetBeansProjects/phc_appli/src/phc_appli/ResultSet.java</file>
            <file>file:/C:/Users/mohan/Documents/NetBeansProjects/phc_appli/src/phc_appli/staff_login.java</file>
            <file>file:/C:/Users/mohan/Documents/NetBeansProjects/phc_appli/src/phc_appli/pass.java</file>
        </group>
    </open-files>
</project-private>
